_id,ano,mes,agropecuaria,industria_extrativa,industria_de_transformacao,comercio_e_servicos
1,1995,1,93.6039753299998977809082134626805782318115234375,43.437314589999999725478119216859340667724609375,343.213590309999972305377013981342315673828125,509.113523880000002463930286467075347900390625
2,1995,2,51.77314190999999965470124152489006519317626953125,19.516848079999999043820935185067355632781982421875,532.8491167199999836157076060771942138671875,191.180370839999994814206729643046855926513671875
3,1995,3,178.70751973000000134561560116708278656005859375,47.11944752000000136149537866003811359405517578125,675.8712367300009873360977508127689361572265625,188.618720669999987649134709499776363372802734375
4,1995,4,72.0787469600000036962228477932512760162353515625,25.469341480000000643713065073825418949127197265625,608.2278944900009491902892477810382843017578125,156.3128340600000001359148882329463958740234375
5,1995,5,128.441987689999990607248037122189998626708984375,9.4548037699999998295652403612621128559112548828125,609.0218729899989966725115664303302764892578125,563.79319269999905372969806194305419921875
6,1995,6,117.2712482200000039256337913684546947479248046875,2.7812388600000002014667188632301986217498779296875,791.5300074000009544761269353330135345458984375,381.69435480999999299456248991191387176513671875
7,1995,7,305.2639291500009903757018037140369415283203125,9.3664037199999992111543178907595574855804443359375,690.429845150001028741826303303241729736328125,564.899865119999958551488816738128662109375
8,1995,8,88.1292746300000970904875430278480052947998046875,28.2412667400000003681270754896104335784912109375,985.088037750000012238160707056522369384765625,343.52620308000001614345819689333438873291015625
9,1995,9,80.090851270000001704829628579318523406982421875,25.19942776999999978215782903134822845458984375,581.046638600000051155802793800830841064453125,1220.034877370000003793393261730670928955078125
10,1995,10,78.060173439999999800420482642948627471923828125,3.56396128000000000923819243325851857662200927734375,769.2529050700010202490375377237796783447265625,296.02345551000001933061867021024227142333984375
11,1995,11,58.5963939600000003338209353387355804443359375,13.0962844399999998046268956386484205722808837890625,760.4754194799990045794402249157428741455078125,762.3147042499989538555382750928401947021484375
12,1995,12,77.451614010000099597164080478250980377197265625,11.0723708900000001875696398201398551464080810546875,788.454417270000021744635887444019317626953125,910.9340282199999592194217257201671600341796875
13,1996,1,95.34778127000009817493264563381671905517578125,1.0704183599999999021434859969303943216800689697265625,1224.4433942400000887573696672916412353515625,796.982355979999965711613185703754425048828125
14,1996,2,45.78198617999999697758539696224033832550048828125,0.84488456999999994589956031632027588784694671630859375,336.28410352999998167433659546077251434326171875,1001.6425353099999711048440076410770416259765625
15,1996,3,66.449422710000106917505036108195781707763671875,1.05445161000000009465793482377193868160247802734375,682.822601260000055845011956989765167236328125,1223.795736519999991287477314472198486328125
16,1996,4,158.481189489999991337754181586205959320068359375,13.1132176799999999872170519665814936161041259765625,608.0959828000010247706086374819278717041015625,419.33923662000000831540091894567012786865234375
17,1996,5,97.3543690599999962387300911359488964080810546875,16.088034050000000974023350863717496395111083984375,673.498923129998956937924958765506744384765625,1907.71511215999998967163264751434326171875
18,1996,6,96.52233592999999700623448006808757781982421875,2.833384870000000166356812769663520157337188720703125,499.16824816000001874272129498422145843505859375,1508.957901049999918541288934648036956787109375
19,1996,7,93.4967320399999977098559611476957798004150390625,2.02105057999999981888095135218463838100433349609375,1531.315980390000049737864173948764801025390625,559.4993317199999864897108636796474456787109375
20,1996,8,74.889288800000002765955287031829357147216796875,4.4097016399999997560144038288854062557220458984375,782.4568093900010126162669621407985687255859375,812.8753144300000030852970667183399200439453125
21,1996,9,87.7245426100001992608667933382093906402587890625,22.0878528799999998000203049741685390472412109375,1944.2374792900000102235935628414154052734375,618.9262822299989466046099551022052764892578125
22,1996,10,136.98166631999998799074091948568820953369140625,0.846105740000000050571316023706458508968353271484375,903.51186637000000700936652719974517822265625,516.5007851000000300700776278972625732421875
23,1996,11,42.54169808999989754738635383546352386474609375,2.440989559999999780615098643465898931026458740234375,627.3909151799999790455331094563007354736328125,533.69857601000103386468254029750823974609375
24,1996,12,32.2983160900000001447551767341792583465576171875,3.83595738999999991136746757547371089458465576171875,642.2546063700000331664341501891613006591796875,1258.55447421999997459352016448974609375
25,1997,1,45.47393588999999991528966347686946392059326171875,8.333584200000000663521859678439795970916748046875,483.5913535500000079991878010332584381103515625,793.2673453300000119270407594740390777587890625
26,1997,2,72.984923210000005155961844138801097869873046875,7.02247961000000042730562199722044169902801513671875,496.8117739699999901858973316848278045654296875,1113.567200019999972937512211501598358154296875
27,1997,3,98.3758113599999006737562012858688831329345703125,3.8110214700000000220825313590466976165771484375,865.4649646500009794181096367537975311279296875,1254.430999729999939518165774643421173095703125
28,1997,4,134.223096529999992299053701572120189666748046875,203.656092900000004419780452735722064971923828125,1036.34039419000009729643352329730987548828125,734.565111099999967336771078407764434814453125
29,1997,5,146.038445789999997259656083770096302032470703125,1.6773335400000000117159970614011399447917938232421875,1766.251329389999909835751168429851531982421875,1247.44287802999997438746504485607147216796875
30,1997,6,325.96661530000000084328348748385906219482421875,51.82048898000000036745404941029846668243408203125,884.709877470000947141670621931552886962890625,785.350570540000944674829952418804168701171875
31,1997,7,106.4095341600000068638109951280057430267333984375,121.9501041200000059916419559158384799957275390625,1029.791017920000058438745327293872833251953125,1298.756514389999892955529503524303436279296875
32,1997,8,303.0366379700000152297434397041797637939453125,11.721701599999999388046489912085235118865966796875,2124.65825519999998505227267742156982421875,2365.9159455700000762590207159519195556640625
33,1997,9,174.39961374000000660089426673948764801025390625,603.0910032699999874239438213407993316650390625,1980.5055981400000746361911296844482421875,2186.103090560000055120326578617095947265625
34,1997,10,181.680350309999994351528584957122802734375,2.3165170100000000985573933576233685016632080078125,1596.242392599999902813578955829143524169921875,3896.521630889999869395978748798370361328125
35,1997,11,110.7676343899999977793413563631474971771240234375,183.71600677999998652012436650693416595458984375,851.9605436400009921271703206002712249755859375,2064.9640087699999639880843460559844970703125
36,1997,12,98.759889100000094686038210056722164154052734375,7.2769814999999997695567799382843077182769775390625,2476.3332362800001646974124014377593994140625,3928.96520017000011648633517324924468994140625
37,1998,1,90.9978553499999947007381706498563289642333984375,132.70671702999999297389877028763294219970703125,919.89222410000002128072082996368408203125,858.121614590000035605044104158878326416015625
38,1998,2,88.709090680000002748784027062356472015380859375,2.6155239699999999203328115982003509998321533203125,841.5871462400000382331199944019317626953125,2019.700748030000113431015051901340484619140625
39,1998,3,205.64699269999999842184479348361492156982421875,2.244065780000000120963932204176671802997589111328125,1509.516297290000011344091035425662994384765625,3758.8516619100000752951018512248992919921875
40,1998,4,125.15281573999999409352312795817852020263671875,558.013362899999947330798022449016571044921875,412.78662380999998049446730874478816986083984375,2394.6496807499997885315679013729095458984375
41,1998,5,111.0549125600000053282201406545937061309814453125,23.312004859999998274133758968673646450042724609375,974.3214996599989490277948789298534393310546875,868.9253531099990368602448143064975738525390625
42,1998,6,68.1209098700000055259806686080992221832275390625,4.3564852399999995924417817150242626667022705078125,1008.7957550899999432658660225570201873779296875,1560.82701554000004762201569974422454833984375
43,1998,7,122.069110289999997576160239987075328826904296875,5.12402306999999979097992763854563236236572265625,1240.63355124000008800067007541656494140625,5180.429470889999720384366810321807861328125
44,1998,8,170.400883289999995895414031110703945159912109375,3.26702606000000006503114491351880133152008056640625,731.4400342799999634735286235809326171875,907.99158760000000256695784628391265869140625
45,1998,9,224.00397111000000904823536984622478485107421875,3.970355200000000195359461940824985504150390625,1453.4649686200000360258854925632476806640625,2586.74405960000012782984413206577301025390625
46,1998,10,77.1046184199999942165959510020911693572998046875,4.2224205399999998888915797579102218151092529296875,676.275573789999953078222461044788360595703125,810.1861069499999530307832174003124237060546875
47,1998,11,124.339745840000006182890501804649829864501953125,230.432715099999995800317265093326568603515625,864.0646223899999540662975050508975982666015625,3023.92342107000013129436410963535308837890625
48,1998,12,102.74953231000000641870428808033466339111328125,10.388332399999999466899680555798113346099853515625,1496.76816073000009055249392986297607421875,778.038554900000008274218998849391937255859375
49,1999,1,63.19534220999999973855665302835404872894287109375,1.0026526000000000049539039537194184958934783935546875,932.1191617099999575657420791685581207275390625,1445.00032332000000678817741572856903076171875
50,1999,2,72.2380586700000009159339242614805698394775390625,17.159950959999999753335941932164132595062255859375,718.7000820399999838627991266548633575439453125,1442.06225752000000284169800579547882080078125
51,1999,3,104.2564087500000056252247304655611515045166015625,152.746130690000001095540937967598438262939453125,902.1549352299999782189843244850635528564453125,2080.7431220799999209702946245670318603515625
52,1999,4,108.6857162600000066277061705477535724639892578125,2.98059969999999996304040905670262873172760009765625,623.2704216199999791570007801055908203125,3069.80460353999978906358592212200164794921875
53,1999,5,127.781667720000001509106368757784366607666015625,32.64296792999999752282747067511081695556640625,917.700040599999965706956572830677032470703125,928.6562798500000326384906657040119171142578125
54,1999,6,149.022153330000008963907021097838878631591796875,0.6169143999999999739003442300599999725818634033203125,2077.10138823999977830681018531322479248046875,1116.5270030900001074769534170627593994140625
55,1999,7,83.8195443299999993769233697094023227691650390625,99.6631812600000017710044630803167819976806640625,1378.340611410000065006897784769535064697265625,658.9072500700000318829552270472049713134765625
56,1999,8,98.4938891999999981408109306357800960540771484375,14.872769500000000419959178543649613857269287109375,1853.832568810000111625413410365581512451171875,911.8326823300000114613794721662998199462890625
57,1999,9,153.645096469999998589628376066684722900390625,21.770853720000001629841790418140590190887451171875,1224.60777417999997851438820362091064453125,1178.75985756999989462201483547687530517578125
58,1999,10,113.37992112000000588523107580840587615966796875,49.255465729999997392951627261936664581298828125,1778.433435709999912432976998388767242431640625,2253.845611419999841018579900264739990234375
59,1999,11,196.677753109999997604973032139241695404052734375,39.0375777900000002773595042526721954345703125,633.5559456400000044595799408853054046630859375,1775.206952719999890177859924733638763427734375
60,1999,12,207.144856200000987200837698765099048614501953125,605.6984442599999738376936875283718109130859375,753.7831167900000082227052189409732818603515625,1672.83532848000004378263838589191436767578125
61,2000,1,91.7621457999999989851858117617666721343994140625,2.186103539999999956222609398537315428256988525390625,523.6979524800000262985122390091419219970703125,1389.04316349999999147257767617702484130859375
62,2000,2,99.820653880000094204660854302346706390380859375,2.587825120000000200803924599313177168369293212890625,1889.991573049999942668364383280277252197265625,2795.31047050999995917663909494876861572265625
63,2000,3,93.95850758999989693620591424405574798583984375,345.14091029000002208704245276749134063720703125,1667.750888249999889012542553246021270751953125,634.222528450000027078203856945037841796875
64,2000,4,139.023087559999993345627444796264171600341796875,3.194404560000000170560952028608880937099456787109375,524.1812273100000538761378265917301177978515625,1405.294523360000084721832536160945892333984375
65,2000,5,223.218483420000012529271771200001239776611328125,740.541103280000015729456208646297454833984375,1777.796442609999985506874509155750274658203125,2772.8904250400000819354318082332611083984375
66,2000,6,216.840780479999011731706559658050537109375,214.642249120000002449160092510282993316650390625,1282.59790560999999797786585986614227294921875,1197.2501808600000003934837877750396728515625
67,2000,7,176.85415294000000585583620704710483551025390625,7.4139994500000003796458258875645697116851806640625,4380.2974297099999603233300149440765380859375,1588.149335920000112309935502707958221435546875
68,2000,8,203.461225719999987404662533663213253021240234375,24.238369670000000866139089339412748813629150390625,648.832893349999949350603856146335601806640625,766.4887825199999724645749665796756744384765625
69,2000,9,186.698885410000002593733370304107666015625,74.1882082999999994399331626482307910919189453125,1428.984022059999915654771029949188232421875,665.5096018399999593384563922882080078125
70,2000,10,204.7044166800000084549537859857082366943359375,3.682976769999999788751665619201958179473876953125,5364.3504265700003088568337261676788330078125,1306.300604830000111178378574550151824951171875
71,2000,11,92.54616710000010471048881299793720245361328125,7.26684435000000039650558392168022692203521728515625,831.818634180001026834361255168914794921875,818.3222495999999637206201441586017608642578125
72,2000,12,510.65204942999798731761984527111053466796875,6.6704027599999999864621713641099631786346435546875,1474.828915849999930287594906985759735107421875,2332.7936025600001812563277781009674072265625
73,2001,1,318.765998179999996864353306591510772705078125,4.6247627900000001233138391398824751377105712890625,1405.330564139999978578998707234859466552734375,1012.584829140000010738731361925601959228515625
74,2001,2,217.440106359999987262199283577501773834228515625,12.849714529999999967913026921451091766357421875,558.8747995400000263543915934860706329345703125,610.873513040000034379772841930389404296875
75,2001,3,216.086442710000000033687683753669261932373046875,0.88848780000000004974936018697917461395263671875,665.427524980000043797190301120281219482421875,1636.373787109999966560280881822109222412109375
76,2001,4,219.65007173999998713043169118463993072509765625,4.55249883000000021837649910594336688518524169921875,2031.0793712300001061521470546722412109375,662.2620036199999731252319179475307464599609375
77,2001,5,225.80479265999900917449849657714366912841796875,14.6440271000000006296204446698538959026336669921875,1140.4087614099998972960747778415679931640625,977.5465569300009747166768647730350494384765625
78,2001,6,322.1017544499969744720146991312503814697265625,5.611186000000000007048583938740193843841552734375,636.458626979999053219216875731945037841796875,1947.6103146499999638763256371021270751953125
79,2001,7,183.2550024299999904542346484959125518798828125,164.39875814999999192878021858632564544677734375,1355.612155049999955735984258353710174560546875,1662.077007569999977931729517877101898193359375
80,2001,8,368.895568409998986680875532329082489013671875,466.45162702999999737585312686860561370849609375,1621.747413889999961611465550959110260009765625,2840.36124761000019134371541440486907958984375
81,2001,9,238.1261778699999922537244856357574462890625,4.62543495999999976220351527445018291473388671875,2282.744281799999953364022076129913330078125,2405.7601926699999239644967019557952880859375
82,2001,10,306.13046427000102767124189995229244232177734375,5.23621137000000036465507946559228003025054931640625,523.9882369900000185225508175790309906005859375,2714.15806026000018391641788184642791748046875
83,2001,11,298.44631463000001758700818754732608795166015625,71.8636856899999969527925713919103145599365234375,788.73293069999999715946614742279052734375,1005.2939532399999507106258533895015716552734375
84,2001,12,508.8184732299999950555502437055110931396484375,9.9157602499999999423607732751406729221343994140625,1813.19189967000011165509931743144989013671875,751.567045300000017959973774850368499755859375
85,2002,1,422.024965759999986403272487223148345947265625,5.0652225499999996571887095342390239238739013671875,700.0716766599999800746445544064044952392578125,7063.650149009999950067140161991119384765625
86,2002,2,240.13799040999998624101863242685794830322265625,3.648379879999999797490772834862582385540008544921875,1075.286839059999920209520496428012847900390625,2042.21914212000001498381607234477996826171875
87,2002,3,386.17938782999999602907337248325347900390625,5.0061314499999998162138581392355263233184814453125,468.80564502999999376697815023362636566162109375,715.0524218100000553022255189716815948486328125
88,2002,4,325.05664479000000710584572516381740570068359375,2.666920520000000127680550576769746840000152587890625,901.5911421500010192175977863371372222900390625,2045.495909040000015011173672974109649658203125
89,2002,5,319.2204786300000023402390070259571075439453125,8.2679375900000007248991096275858581066131591796875,1195.973966580000023895991034805774688720703125,656.4255503599989651775103993713855743408203125
90,2002,6,392.0693704700009902808233164250850677490234375,7.8703027199999997520762917702086269855499267578125,808.1997754400000530949910171329975128173828125,1526.2378392900000108056701719760894775390625
91,2002,7,311.38497856999998703031451441347599029541015625,20.258059180000000054633346735499799251556396484375,1112.654079709999905389850027859210968017578125,2753.810432360000049811787903308868408203125
92,2002,8,409.2992530000000215295585803687572479248046875,10.353722330000000084737621364183723926544189453125,1863.843954799999892202322371304035186767578125,2211.08459103999985018162988126277923583984375
93,2002,9,387.01084379000002400061930529773235321044921875,23.824212549999998600469552911818027496337890625,514.60530616999994890647940337657928466796875,863.380315319998999257222749292850494384765625
94,2002,10,533.1101343300000507952063344419002532958984375,130.758370719999987841219990514218807220458984375,1592.98588350999989415868185460567474365234375,2747.47245093999981691013090312480926513671875
95,2002,11,174.689336849999989453863236121833324432373046875,6.18685049000000031327317628893069922924041748046875,1579.709747599999900558032095432281494140625,2026.08353076999992481432855129241943359375
96,2002,12,857.3615953999969860888086259365081787109375,135.030064979999991692238836549222469329833984375,1622.73517055000002073938958346843719482421875,806.394155319999981657019816339015960693359375
97,2003,1,341.2471935600000279009691439568996429443359375,3.695884309999999839391193745541386306285858154296875,460.803043440000010377843864262104034423828125,1694.22331948999999440275132656097412109375
98,2003,2,312.9818358200000147917307913303375244140625,140.9815860200000088298111222684383392333984375,626.312117660000012620002962648868560791015625,576.647473750000017389538697898387908935546875
99,2003,3,360.66265495999999757259502075612545013427734375,17.4429702999999989287971402518451213836669921875,968.5714660800000501694739796221256256103515625,855.9797022599999536396353505551815032958984375
100,2003,4,487.61850463000001809632522054016590118408203125,3.31056521999999997518671079888008534908294677734375,385.6630946799999719587503932416439056396484375,646.2248007599999937156098894774913787841796875
101,2003,5,659.5512487299989743405603803694248199462890625,28.195177969999999589845174341462552547454833984375,2513.00438335999979244661517441272735595703125,1277.3693143999998937943018972873687744140625
102,2003,6,585.10568684000099892728030681610107421875,20.134924739999998877237885608337819576263427734375,1155.47626158999992185272276401519775390625,2233.87441997999985687783919274806976318359375
103,2003,7,103.4609598100000056319913710467517375946044921875,8.5513396000000003738250597962178289890289306640625,679.8644991400000208159326575696468353271484375,2026.404177870000012262607924640178680419921875
104,2003,8,540.0130343499989749034284614026546478271484375,5.7704708399999997681106833624653518199920654296875,1151.648794060000000172294676303863525390625,1669.943990739999890138278715312480926513671875
105,2003,9,825.51783616000102483667433261871337890625,32.4431953400000026022098609246313571929931640625,1374.16204960000004575704224407672882080078125,1880.234608299999990776996128261089324951171875
106,2003,10,461.81755298000001630498445592820644378662109375,8.0945259499999995256303009227849543094635009765625,7011.5398795800001607858575880527496337890625,1840.26727054000002681277692317962646484375
107,2003,11,811.3161755900009666220284998416900634765625,19.231391630000000958489181357435882091522216796875,3203.47486084999991362565197050571441650390625,700.2857892199999696458689868450164794921875
108,2003,12,590.148219980000021678279154002666473388671875,11.56557495999999929381374386139214038848876953125,1830.93001125999990108539350330829620361328125,1416.2953780600000754930078983306884765625
109,2004,1,517.11651488999996217899024486541748046875,1830.41107650000003559398464858531951904296875,4311.4013346199999432428739964962005615234375,2197.069410019999850192107260227203369140625
110,2004,2,982.3837913599990088187041692435741424560546875,6.84983454999999974432967064785771071910858154296875,3605.2645203000001856707967817783355712890625,892.4048354200000403579906560480594635009765625
111,2004,3,616.8034892700010232147178612649440765380859375,739.111481610000055297859944403171539306640625,3238.527558820000194828025996685028076171875,2217.20680776000017431215383112430572509765625
112,2004,4,573.833443180001040673232637345790863037109375,3.760434430000000105565050034783780574798583984375,1889.033864589999893723870627582073211669921875,4561.5855631099902893765829503536224365234375
113,2004,5,673.9676347400010172350448556244373321533203125,4.30433263000000021492041923920623958110809326171875,1735.416862289999926360906101763248443603515625,3747.828983119999975315295159816741943359375
114,2004,6,1705.733827230000088093220256268978118896484375,18.212772789999998934717950760386884212493896484375,859.8520085100000187594559974968433380126953125,1111.874518580000085421488620340824127197265625
115,2004,7,139.20770287999999936801032163202762603759765625,9.9549436799999995173493516631424427032470703125,6362.7455040100003316183574497699737548828125,4505.7760985300001266296021640300750732421875
116,2004,8,319.3018658099999811383895576000213623046875,25.25638411999999988211129675619304180145263671875,3165.50277588000017203739844262599945068359375,2137.6904571599998234887607395648956298828125
117,2004,9,677.1149747499999875799403525888919830322265625,177.1460261199999877135269343852996826171875,5199.98784252000041306018829345703125,4109.3140355499999714083969593048095703125
118,2004,10,668.258350339998969502630643546581268310546875,7.98041769000000034139929994125850498676300048828125,12735.09690233999936026521027088165283203125,5094.4545352200002525933086872100830078125
119,2004,11,678.296543650001012792927213013172149658203125,133.764614459999990003780112601816654205322265625,3123.77056777999996484140865504741668701171875,2257.98644004000016138888895511627197265625
120,2004,12,554.881818090000024312757886946201324462890625,8.4953071999999991703589330427348613739013671875,2910.22504195999999865307472646236419677734375,5352.453769200010356144048273563385009765625
121,2005,1,435.9257266299999855618807487189769744873046875,29.202162099999998901012077112682163715362548828125,2437.14593284000011408352293074131011962890625,1019.4729762700000037511927075684070587158203125
122,2005,2,301.3028547000000116895535029470920562744140625,15.5644281600000002896422302001155912876129150390625,2247.06116797000004225992597639560699462890625,1998.4470170300000972929410636425018310546875
123,2005,3,377.50075319000001172753400169312953948974609375,9.92368062999999978046616888605058193206787109375,5596.37297896000018226914107799530029296875,2925.09787163000009968527592718601226806640625
124,2005,4,406.58012716000001773863914422690868377685546875,18.230702369999999490346453967504203319549560546875,6812.096829160000197589397430419921875,2808.348863350000101490877568721771240234375
125,2005,5,287.1875630299999784256215207278728485107421875,9.2649360000000005044284989708103239536285400390625,3504.008172159999958239495754241943359375,3832.40561463999983971007168292999267578125
126,2005,6,562.63433046000000103958882391452789306640625,15.3496730600000006461414159275591373443603515625,7720.780022400000234483741223812103271484375,2990.49707274999991568620316684246063232421875
127,2005,7,267.15168316000000459098373539745807647705078125,101.600913759999997409977368079125881195068359375,3681.953589650000139954499900341033935546875,2193.25506155999983093352057039737701416015625
128,2005,8,162.100060560000002851666067726910114288330078125,67.9451464899999990620926837436854839324951171875,1752.249022270000068601802922785282135009765625,2603.2869491100000232108868658542633056640625
129,2005,9,299.9835850499999878593371249735355377197265625,644.18408864000002722605131566524505615234375,3414.169299099999989266507327556610107421875,2860.41740385000002788729034364223480224609375
130,2005,10,368.0710354900010088385897688567638397216796875,148.61934500000000980435288511216640472412109375,4276.563403559999642311595380306243896484375,2552.184659579999788547866046428680419921875
131,2005,11,417.631864360000008673523552715778350830078125,9.0861659199999991187723935581743717193603515625,3599.97076968000010310788638889789581298828125,3183.7894906299998183385469019412994384765625
132,2005,12,422.04201378999999860752723179757595062255859375,27.4175931099999985463000484742224216461181640625,8906.366634670010171248577535152435302734375,2288.63654249000001073000021278858184814453125
133,2006,1,351.61234826999998404062353074550628662109375,70.78044679999999289066181518137454986572265625,4803.9515262300001268158666789531707763671875,1301.5345916500000384985469281673431396484375
134,2006,2,288.40867932999998402010533027350902557373046875,6.0799707999999998975226844777353107929229736328125,3407.622764300000199000351130962371826171875,1838.7958314699999391450546681880950927734375
135,2006,3,374.0309922899999719447805546224117279052734375,10.5344879900000005790161594632081687450408935546875,2466.5051275300002089352346956729888916015625,2327.678777009999976144172251224517822265625
136,2006,4,222.013318300000008775896276347339153289794921875,38.42640000000000100044417195022106170654296875,4591.848497850000057951547205448150634765625,3414.375571560000025783665478229522705078125
137,2006,5,634.626876100001027225516736507415771484375,717.5295103600000174992601387202739715576171875,5478.3292682900000727386213839054107666015625,5569.4963330299897279473952949047088623046875
138,2006,6,651.7545216600000230755540542304515838623046875,17.858147269999999906531229498796164989471435546875,2812.35590473000002020853571593761444091796875,1253.189599210000096718431450426578521728515625
139,2006,7,226.54281230999998797415173612534999847412109375,15.9252058600000001575835995026864111423492431640625,4005.0096273099998143152333796024322509765625,1987.47634702999994260608218610286712646484375
140,2006,8,176.688907849999992549783200956881046295166015625,1088.93128582999997888691723346710205078125,4647.75739290999990771524608135223388671875,6615.3648201200003313715569674968719482421875
141,2006,9,267.8645502900000110457767732441425323486328125,280.8117781600000171238207258284091949462890625,3305.44696118000001661130227148532867431640625,3461.78901361999987784656696021556854248046875
142,2006,10,373.79821829000002253451384603977203369140625,20.0200172400000013794851838611066341400146484375,3359.84761011999989932519383728504180908203125,3575.81432533000997864292003214359283447265625
143,2006,11,453.5344279600000163554796017706394195556640625,411.76322375000000874933903105556964874267578125,5348.3642698199901133193634450435638427734375,8677.18592023997916840016841888427734375
144,2006,12,417.527684980000003633904270827770233154296875,13.3783052199999996645374267245642840862274169921875,2647.067242869999972754158079624176025390625,12024.263818530000207829289138317108154296875
145,2007,1,373.55459659000001693129888735711574554443359375,27.405451230000000606423782301135361194610595703125,4692.18978478999997605569660663604736328125,4188.89150051999968127347528934478759765625
146,2007,2,302.56222100999997337567037902772426605224609375,486.46685807000000068001099862158298492431640625,2109.473465850000138743780553340911865234375,2270.7477269000000887899659574031829833984375
147,2007,3,479.154016749999982494045980274677276611328125,90.7940221500000035348421079106628894805908203125,5850.8232158199898549355566501617431640625,8544.07373195000036503188312053680419921875
148,2007,4,391.09938304999997171762515790760517120361328125,20.102019240000000621648723608814179897308349609375,2499.411625740000090445391833782196044921875,4431.165484299999661743640899658203125
149,2007,5,815.323821119998001449857838451862335205078125,3294.373107389999859151430428028106689453125,3296.26248488999999608495272696018218994140625,6569.314178519989582127891480922698974609375
150,2007,6,588.574874140000019906437955796718597412109375,28.130127470000001466132744099013507366180419921875,2227.4079142900000078952871263027191162109375,6372.683667149989560130052268505096435546875
151,2007,7,266.62093314999998483472154475748538970947265625,15.9929998599999994013387549784965813159942626953125,2016.898872420000088823144324123859405517578125,3959.0533730500001183827407658100128173828125
152,2007,8,204.431071750000000974978320300579071044921875,15.6295668400000007380867828032933175563812255859375,3014.0458379199999399133957922458648681640625,6247.5490498899898739182390272617340087890625
153,2007,9,415.70229067999997596416505984961986541748046875,19.049185219999998253115336410701274871826171875,3746.96427025000002686283551156520843505859375,6803.26848103996962890960276126861572265625
154,2007,10,474.4224615200009793625213205814361572265625,12.480499699999999307920006685890257358551025390625,6336.072629549989869701676070690155029296875,9691.7300402300097630359232425689697265625
155,2007,11,435.488755869999977221596054732799530029296875,7316.9133269800004200078547000885009765625,2906.81696736999992936034686863422393798828125,3954.334165180000127293169498443603515625
156,2007,12,444.3257845599999882324482314288616180419921875,14.6830925000000007685230229981243610382080078125,4265.1992468700000245007686316967010498046875,4307.6014129900004263618029654026031494140625
157,2008,1,410.270325360000015280093066394329071044921875,13.8002974500000004098865247215144336223602294921875,3044.1089332199999262229539453983306884765625,11983.884967359999791369773447513580322265625
158,2008,2,432.45651481999999532490619458258152008056640625,310.23868523999999524676240980625152587890625,7024.540001089990255422890186309814453125,4516.93878261999998358078300952911376953125
159,2008,3,618.592952839999043135321699082851409912109375,11.806104080000000777772584115155041217803955078125,5894.5873475899998084059916436672210693359375,10217.141578540000409702770411968231201171875
160,2008,4,466.44476213000001507680281065404415130615234375,21.611120389999999957808540784753859043121337890625,6086.8586818399999174289405345916748046875,6663.9369880900003408896736800670623779296875
161,2008,5,522.1333234899999524714075960218906402587890625,189.333543370000001004882506094872951507568359375,1929.905913150000060340971685945987701416015625,4862.9082645599801253410987555980682373046875
162,2008,6,708.9073925100010455935262143611907958984375,1414.655273730000089926761575043201446533203125,5554.184049569999842788092792034149169921875,6769.2566677599998001824133098125457763671875
163,2008,7,429.85263136999998323517502285540103912353515625,825.96953093000001899781636893749237060546875,4890.5671496000004481174983084201812744140625,15441.3827957899993634782731533050537109375
164,2008,8,87.8322715900000048350193537771701812744140625,77.2372976799999975128230289556086063385009765625,10173.14572011999916867353022098541259765625,10155.893666230100279790349304676055908203125
165,2008,9,545.975161390000039318692870438098907470703125,44.12196261999999791214577271603047847747802734375,2089.4649716499998248764313757419586181640625,7170.883440820020041428506374359130859375
166,2008,10,619.5579255299990109051577746868133544921875,24.969684990000001079124558600597083568572998046875,7804.9021547999900576542131602764129638671875,12820.2212674900001729838550090789794921875
167,2008,11,426.0784508899999991626827977597713470458984375,974.0303604399999812812893651425838470458984375,4317.1867160100000546663068234920501708984375,4697.725536980009565013460814952850341796875
168,2008,12,480.4255764299999782451777718961238861083984375,26.805876219999998255616446840576827526092529296875,4452.51433632000043871812522411346435546875,7559.58662680000998079776763916015625
169,2009,1,532.0936552500010066069080494344234466552734375,60.5973935800000020890365703962743282318115234375,4220.1910005999898203299380838871002197265625,4512.47668465999959153123199939727783203125
170,2009,2,395.503402820000019346480257809162139892578125,11.7867317200000005783522283309139311313629150390625,3672.4654074199997921823523938655853271484375,6226.9585489500095718540251255035400390625
171,2009,3,681.4992290200019624535343609750270843505859375,355.13126368000001775726559571921825408935546875,29370.6940145699991262517869472503662109375,7715.2375305699997625197283923625946044921875
172,2009,4,654.0220530700049721417599357664585113525390625,959.973045210000009319628588855266571044921875,7266.7658452399800808052532374858856201171875,12808.34450837999975192360579967498779296875
173,2009,5,780.9464512900050294774700887501239776611328125,371.995651810000026671332307159900665283203125,6472.5197622199802935938350856304168701171875,9729.965028989960046601481735706329345703125
174,2009,6,806.27726862000099572469480335712432861328125,89.0321544600000009950235835276544094085693359375,4462.2815999500098769203759729862213134765625,9510.708076170010826899670064449310302734375
175,2009,7,335.9573467899999741348437964916229248046875,546.8683219099999632817343808710575103759765625,8195.2586242300094454549252986907958984375,11899.11516558999937842600047588348388671875
176,2009,8,401.22339577999997572987922467291355133056640625,412.49022995000001401422196067869663238525390625,13825.6592374899992137216031551361083984375,9208.089499510029781959019601345062255859375
177,2009,9,719.7848338500040199505747295916080474853515625,49.09692284999999856154317967593669891357421875,4436.346903019990350003354251384735107421875,9891.21781974999976227991282939910888671875
178,2009,10,794.3533137100030216970480978488922119140625,524.44132080999997924664057791233062744140625,5294.38645146000999375246465206146240234375,6392.2409353700395513442344963550567626953125
179,2009,11,911.4713353400010191762703470885753631591796875,119.393389380000002120141289196908473968505859375,8075.1955525000303168781101703643798828125,11451.136013069999535218812525272369384765625
180,2009,12,1948.2915396700000201235525310039520263671875,515.4611405800000056842691265046596527099609375,5818.6892507200000181910581886768341064453125,10512.54272203000073204748332500457763671875
181,2010,1,711.46028857000101197627373039722442626953125,137.7362989599999991696677170693874359130859375,3420.15099926000993946217931807041168212890625,4714.77798083000016049481928348541259765625
182,2010,2,814.0218377800019879941828548908233642578125,66.009713070000003654058673419058322906494140625,6028.36384164999981294386088848114013671875,10117.768710009999267640523612499237060546875
183,2010,3,1022.0963904300000422153971157968044281005859375,86.6272452099999981101063895039260387420654296875,4995.8500246200201218016445636749267578125,14497.107146790100159705616533756256103515625
184,2010,4,863.15268441000398524920456111431121826171875,33.8943552799999991975710145197808742523193359375,3624.51653810000016164849512279033660888671875,7530.167534230009550810791552066802978515625
185,2010,5,1246.599712949999911870690993964672088623046875,79.721040310000006456903065554797649383544921875,7651.460840380010267836041748523712158203125,13689.330433199900653562508523464202880859375
186,2010,6,1121.04592309999998178682290017604827880859375,229.2612717700000075637944974005222320556640625,25338.8027045398994232527911663055419921875,9682.987412489959751837886869907379150390625
187,2010,7,622.4953991099999939251574687659740447998046875,66.5088513799999958564512780867516994476318359375,4771.5888483099997756653465330600738525390625,12571.238764699899547849781811237335205078125
188,2010,8,761.30773954000096637173555791378021240234375,58.633221370000001115840859711170196533203125,3522.07078288999991855234839022159576416015625,13502.479244319800272933207452297210693359375
189,2010,9,1136.7553216599999359459616243839263916015625,48.6717112099999980046050040982663631439208984375,34320.5878316801026812754571437835693359375,24991.94165721990066231228411197662353515625
190,2010,10,1169.285421549999909984762780368328094482421875,172.880123160000010784642654471099376678466796875,2065.01650190001009832485578954219818115234375,6515.8285658699996929499320685863494873046875
191,2010,11,902.4100307000029488335712812840938568115234375,58.75706638999999853467670618556439876556396484375,3001.54595588000984207610599696636199951171875,9863.819526609950116835534572601318359375
192,2010,12,995.64096684000105597078800201416015625,106.231038589999997157065081410109996795654296875,3280.32415343000002394546754658222198486328125,13677.33112028980031027458608150482177734375
193,2011,1,596.7237555200009637701441533863544464111328125,152.485527969999992592420312575995922088623046875,4373.2532106500002555549144744873046875,6030.38654454997958964668214321136474609375
194,2011,2,680.6779629300000351577182300388813018798828125,74.753121590000006335685611702501773834228515625,3892.4679946500100413686595857143402099609375,8985.8495247799801290966570377349853515625
195,2011,3,750.6405997900000102163176052272319793701171875,35.21262336000000203739546122960746288299560546875,2647.2895014400100990314967930316925048828125,12332.2322844199006794951856136322021484375
196,2011,4,700.503161670000054073170758783817291259765625,33.48579434999999904221112956292927265167236328125,7015.841075139969689189456403255462646484375,5495.8466104899298443342559039592742919921875
197,2011,5,997.6413005000000566724338568747043609619140625,50.72236597999999929697878542356193065643310546875,9252.517408649970093392767012119293212890625,8663.293859049970706109888851642608642578125
198,2011,6,987.5891671900000119421747513115406036376953125,57.9107144000000033656760933808982372283935546875,2744.2193513900101606850512325763702392578125,13785.846724849599922890774905681610107421875
199,2011,7,835.28585643999895182787440717220306396484375,256.4445540899999969042255543172359466552734375,4653.040268050010126898996531963348388671875,7215.831923370000367867760360240936279296875
200,2011,8,998.251504419996990691288374364376068115234375,65.0354368999999934430888970382511615753173828125,5341.70035558999006752856075763702392578125,8438.995944449890885152854025363922119140625
201,2011,9,878.23402003999899534392170608043670654296875,3259.2957785600001443526707589626312255859375,8305.5143774500102153979241847991943359375,7705.4574644099702709354460239410400390625
202,2011,10,1048.864529219999894849024713039398193359375,326.1312316199999941090936772525310516357421875,5441.4623189599997203913517296314239501953125,16954.50985192980078863911330699920654296875
203,2011,11,1094.801704319999998915591277182102203369140625,60.19777837000000175748937181197106838226318359375,4015.50719456001979779102839529514312744140625,15050.028683519800324575044214725494384765625
204,2011,12,739.0648753399999577595735900104045867919921875,110.4463020499999998946805135346949100494384765625,4950.488240209990181028842926025390625,7095.3622700400201210868544876575469970703125
205,2012,1,743.957076710001956598716787993907928466796875,64.9129711300000025175904738716781139373779296875,14262.744716189999962807632982730865478515625,7802.3339074500299830106087028980255126953125
206,2012,2,674.2706492399989883779198862612247467041015625,3073.50373900000022331369109451770782470703125,4735.9283386999895810731686651706695556640625,7999.0054158699704203172586858272552490234375
207,2012,3,738.493890669999018427915871143341064453125,34.81031909000000013065800885669887065887451171875,2230.12091180001016255118884146213531494140625,13876.66361856020012055523693561553955078125
208,2012,4,1201.27805175999992570723406970500946044921875,234.155297030000014046891010366380214691162109375,6457.6763436000101137324236333370208740234375,10617.364888760099347564391791820526123046875
209,2012,5,1611.028427290000081484322436153888702392578125,79.923470089999995025209500454366207122802734375,4605.67739659001017571426928043365478515625,13640.97091423029996803961694240570068359375
210,2012,6,1075.720767049999949449556879699230194091796875,7337.14149250000991742126643657684326171875,6014.0059005699904446373693645000457763671875,8644.876821299700168310664594173431396484375
211,2012,7,1020.508265019999953437945805490016937255859375,67.3446686799999980621578288264572620391845703125,4009.23897527998997247777879238128662109375,17071.39028457030144636519253253936767578125
212,2012,8,1270.936675520000108008389361202716827392578125,135.14105772999999999228748492896556854248046875,6262.122267900000224472023546695709228515625,19888.80038073000105214305222034454345703125
213,2012,9,927.14117166000005454407073557376861572265625,363.63357555999999703999492339789867401123046875,8080.117692900030306191183626651763916015625,22806.42384196009879815392196178436279296875
214,2012,10,2823.3515278499899068265222012996673583984375,20308.02275888000076520256698131561279296875,10467.36900366010013385675847530364990234375,15760.250380570099878241308033466339111328125
215,2012,11,2299.5593863200001578661613166332244873046875,197.2903971599999977115658111870288848876953125,5716.446307749980405787937343120574951171875,23672.08323000000018510036170482635498046875
216,2012,12,3574.59552775999009099905379116535186767578125,309.19416833999997606952092610299587249755859375,10180.109507740000481135211884975433349609375,17337.43313880999994580633938312530517578125
217,2013,1,1296.944273549999934402876533567905426025390625,72.41952044999999316132743842899799346923828125,7649.5989432699998360476456582546234130859375,16953.216463640201254747807979583740234375
218,2013,2,1215.470757240000011734082363545894622802734375,54.954175800000001572698238305747509002685546875,3346.46771620999015794950537383556365966796875,6598.5629205099903629161417484283447265625
219,2013,3,1407.624918109999953230726532638072967529296875,277.48273828999998613653588108718395233154296875,3576.41384658000015406287275254726409912109375,8858.17121338005017605610191822052001953125
220,2013,4,1419.396551080000108413514681160449981689453125,71.6483221799999938639302854426205158233642578125,5562.385464909990332671441137790679931640625,12525.688659720099167316220700740814208984375
221,2013,5,1578.574419799999986935290507972240447998046875,3341.54241091999983837013132870197296142578125,15051.1536797799999476410448551177978515625,12722.24629778999951668083667755126953125
222,2013,6,1762.328352069999937157263047993183135986328125,289.23774794000001975291525013744831085205078125,4406.6226283500100180390290915966033935546875,20833.44100022010024986229836940765380859375
223,2013,7,951.6131486499989478033967316150665283203125,317.42043250000000398358679376542568206787109375,9735.812241379999250057153403759002685546875,7246.5520702300700577325187623500823974609375
224,2013,8,1549.286445350009898902499116957187652587890625,70.5217659999999995079633663408458232879638671875,3132.17472040000984634389169514179229736328125,12513.435256140199271612800657749176025390625
225,2013,9,1945.7018342199999096919782459735870361328125,13662.621316229999138158746063709259033203125,3852.89402757999005189049057662487030029296875,13276.841233429999192594550549983978271484375
226,2013,10,610.1629709300019612783216871321201324462890625,110.22203226999999969848431646823883056640625,12365.524786050000329851172864437103271484375,11443.059255080099319457076489925384521484375
227,2013,11,2791.7797091099901081179268658161163330078125,2652.51731557999983124318532645702362060546875,7072.919591019979634438641369342803955078125,16496.72217320010167895816266536712646484375
228,2013,12,3339.81487306000008175033144652843475341796875,178.80225114000000985470251180231571197509765625,5762.31890758998997625894844532012939453125,15472.684133529999598977155983448028564453125
229,2014,1,713.602552909999985786271281540393829345703125,48.0129974000000032674506655894219875335693359375,9186.838402839990521897561848163604736328125,10632.407382019899159786291420459747314453125
230,2014,2,789.604435230002991374931298196315765380859375,44.6970108699999997270424501039087772369384765625,1801.50334049001003222656436264514923095703125,6804.4022287899397269939072430133819580078125
231,2014,3,1037.57454490000009172945283353328704833984375,208.209248470000005681868060491979122161865234375,1702.46657258000004731002263724803924560546875,14043.790274349999890546314418315887451171875
232,2014,4,1187.963040220000038971193134784698486328125,64.0433311900000035166158340871334075927734375,2104.44991384001014012028463184833526611328125,8377.25131842001064796932041645050048828125
233,2014,5,1388.738530770009901971207000315189361572265625,138.403341799999992645098245702683925628662109375,3987.1485713300198767683468759059906005859375,23265.86596993029888835735619068145751953125
234,2014,6,1690.440986979999934192164801061153411865234375,48.96253519999999781475708005018532276153564453125,2544.46527755999022701871581375598907470703125,22579.2528793298988603055477142333984375
235,2014,7,1713.3921117899999444489367306232452392578125,50.9357420799999971450233715586364269256591796875,2880.218447709999963990412652492523193359375,23770.5603510998989804647862911224365234375
236,2014,8,1272.367505729999948016484268009662628173828125,548.645309969999971144716255366802215576171875,2700.0888279000000693486072123050689697265625,12065.13059840999994776211678981781005859375
237,2014,9,2062.5950607200002195895649492740631103515625,104.0346899700000022903623175807297229766845703125,6570.5319777599697772529907524585723876953125,14849.597081339799842680804431438446044921875
238,2014,10,2160.60255490001009093248285353183746337890625,102.6572672399999959225169732235372066497802734375,4043.5089716000002226792275905609130859375,10585.290284849799718358553946018218994140625
239,2014,11,1697.56022617999997237347997725009918212890625,122.926786109999994778263499028980731964111328125,4430.3822218199902636115439236164093017578125,9874.103036990030886954627931118011474609375
240,2014,12,1972.965887999999949897755868732929229736328125,129.873880060000004732501110993325710296630859375,4223.86004305997994379140436649322509765625,13931.856551269500414491631090641021728515625
241,2015,1,549.363268379998999080271460115909576416015625,16.280918270000000802610884420573711395263671875,1625.16576217000010728952474892139434814453125,7853.57842930998958763666450977325439453125
242,2015,2,590.084335499999042440322227776050567626953125,532.1306685099999640442547388374805450439453125,864.43143240000199511996470391750335693359375,3970.6501117600500947446562349796295166015625
243,2015,3,1539.9324750400000993977300822734832763671875,18.68859764999999839574229554273188114166259765625,1490.0344489799999792012386023998260498046875,6240.5110616600295543321408331394195556640625
244,2015,4,1522.0353402999999161693267524242401123046875,15.440206780000000463815013063140213489532470703125,2152.2459265600000435370020568370819091796875,5233.5666227801202694536186754703521728515625
245,2015,5,1906.619427899999891451443545520305633544921875,89.0340305499999971061697578988969326019287109375,6686.6951925700095671345479786396026611328125,7033.3003667700204459833912551403045654296875
246,2015,6,1409.00899643000002470216713845729827880859375,25.88550894000000113237547338940203189849853515625,1353.182727269999986674520187079906463623046875,4458.5402259199900072417221963405609130859375
247,2015,7,1604.824550770000087140942923724651336669921875,35.65893537000000179659764398820698261260986328125,1682.539848619999929724144749343395233154296875,5288.1498980900496462709270417690277099609375
248,2015,8,935.2667967000030557755962945520877838134765625,1164.902729220000082932529039680957794189453125,2347.08250138998982947668991982936859130859375,7418.2702778699303962639532983303070068359375
249,2015,9,1196.553710030000047481735236942768096923828125,7069.1223947999997108126990497112274169921875,3341.19472163000000364263541996479034423828125,3395.23941138998998212628066539764404296875
250,2015,10,1427.945103719999906388693489134311676025390625,9.1598375399999998336397766252048313617706298828125,3421.35627481000983607373200356960296630859375,6950.901981419940057094208896160125732421875
251,2015,11,969.6866896400009636636241339147090911865234375,73.6067092400000007046401151455938816070556640625,2571.13198023000995817710645496845245361328125,7183.359433910000007017515599727630615234375
252,2015,12,1915.933507330000111323897726833820343017578125,35.82210418999999745892637292854487895965576171875,1814.314912929999991320073604583740234375,5591.79025737003030371852219104766845703125
253,2016,1,1084.403770019999910800834186375141143798828125,5.19526938000000004791445462615229189395904541015625,421.5618696999999883701093494892120361328125,5001.977081970029757940210402011871337890625
254,2016,2,965.4930036700010305139585398137569427490234375,4.99128150000000037067593439132906496524810791015625,751.5379424999949833363643847405910491943359375,4095.39756816999988586758263409137725830078125
255,2016,3,1427.79210809000005610869266092777252197265625,4.5297155399999997626991898869164288043975830078125,6881.2912534400102231302298605442047119140625,2961.15773144997001509182155132293701171875
256,2016,4,1261.038960749999887411831878125667572021484375,12.4435705599999995030202626367099583148956298828125,4461.096022699979585013352334499359130859375,8520.637133850090322084724903106689453125
257,2016,5,1420.597430219999978362466208636760711669921875,14.210109909999999899810063652694225311279296875,4613.4419851399898107047192752361297607421875,4626.2164448100202207569964230060577392578125
258,2016,6,1258.598561810000092009431682527065277099609375,15.06517133999999913385181571356952190399169921875,2783.82654280999986440292559564113616943359375,3780.4418003000200769747607409954071044921875
259,2016,7,903.4270630500010383912012912333011627197265625,5.27118640000000038270400182227604091167449951171875,3859.50642946001016753143630921840667724609375,5111.4753237600298234610818326473236083984375
260,2016,8,1603.3390852299999096430838108062744140625,9.19046684999999996534825186245143413543701171875,1433.618843299999980445136316120624542236328125,7073.7506593000298380502499639987945556640625
261,2016,9,1447.720736290000104418140836060047149658203125,6.29937889999999978130063027492724359035491943359375,1597.2737616300000809133052825927734375,5739.0937427799499346292577683925628662109375
262,2016,10,1425.543328210000026956549845635890960693359375,14.2817482699999995787720763473771512508392333984375,2020.683631990000094447168521583080291748046875,6465.8543703000095774768851697444915771484375
263,2016,11,1427.49313338999991174205206334590911865234375,100.5727648499999986597686074674129486083984375,3908.46417632000020603300072252750396728515625,3855.36492010998017576639540493488311767578125
264,2016,12,1661.184425099999998565181158483028411865234375,8.048517849999999640431269654072821140289306640625,940.44414198000004034838639199733734130859375,3407.9516715099898647167719900608062744140625
265,2017,1,1317.506261270000095464638434350490570068359375,5.11108271999999974610773278982378542423248291015625,1049.374897720000035405973903834819793701171875,2883.85527287000013529905118048191070556640625
266,2017,2,812.4400227700019740950665436685085296630859375,4.8722683399999997533313944586552679538726806640625,887.2323380300009603161015547811985015869140625,2723.728957520010226289741694927215576171875
267,2017,3,1421.6191009399999529705382883548736572265625,8.523836779999999890833350946195423603057861328125,1086.59915460000001985463313758373260498046875,8761.0604834999903687275946140289306640625
268,2017,4,1172.761455930000010994262993335723876953125,8.2162839999999999207602741080336272716522216796875,1800.4203122799999619019217789173126220703125,3345.54941670002017417573370039463043212890625
269,2017,5,1603.997292340000058175064623355865478515625,13.33921581999999972367731970734894275665283203125,3064.709948490009992383420467376708984375,5776.8474714100202618283219635486602783203125
270,2017,6,1677.26236809000010907766409218311309814453125,11.92467180999999953883161651901900768280029296875,2334.42131311999992249184288084506988525390625,6199.305719440029861289076507091522216796875
271,2017,7,1721.603610269999990123324096202850341796875,11.415003569999999655237843398936092853546142578125,3733.53592850999984875670634210109710693359375,4986.44765120998999918811023235321044921875
272,2017,8,1584.884245330000112517154775559902191162109375,9.4044833000000007672269930480979382991790771484375,1702.572458589999996547703631222248077392578125,6694.6393568399898867937736213207244873046875
273,2017,9,1310.990939010009924459154717624187469482421875,6.41321430999999986255488693132065236568450927734375,1536.647832930000049600494094192981719970703125,3697.531144490019869408570230007171630859375
274,2017,10,1556.300200910000057774595916271209716796875,14.9478598700000002708065949263982474803924560546875,2156.4822074300000167568214237689971923828125,2882.61645998000994950416497886180877685546875
275,2017,11,1258.850502600000027086935006082057952880859375,9.109141550000000364661900675855576992034912109375,1236.2171165800000380841083824634552001953125,3924.66388083999981972738169133663177490234375
276,2017,12,1351.72589612000001579872332513332366943359375,20.562278719999998344292180263437330722808837890625,1546.8691496199999164673499763011932373046875,8314.711067649970573256723582744598388671875
277,2018,1,852.8498668000009956813300959765911102294921875,103.624533060000004525136318989098072052001953125,984.1863211300020566341117955744266510009765625,2093.93631066998977985349483788013458251953125
278,2018,2,981.219134170002007522271014750003814697265625,5.99666632000000010549456419539637863636016845703125,575.4931496599989486639969982206821441650390625,1262.021718310000096607836894690990447998046875
279,2018,3,1343.47559314999989510397426784038543701171875,83.3807334800000035102129913866519927978515625,966.5773794299990413492196239531040191650390625,4783.2397225300001082359813153743743896484375
280,2018,4,1121.541055859999914900981821119785308837890625,57.0658515100000016673220670782029628753662109375,12833.812230120000094757415354251861572265625,1622.91078470000002198503352701663970947265625
281,2018,5,1227.32658283999990089796483516693115234375,19.81399904999999961319190333597362041473388671875,599.29474729000003208057023584842681884765625,10764.219933059999675606377422809600830078125
282,2018,6,1316.2448917100000471691600978374481201171875,28.33705671999999964327798807062208652496337890625,762.9339332100020101279369555413722991943359375,5645.57874250001987093128263950347900390625
283,2018,7,1577.72889549999990776996128261089324951171875,111.9940755100000018273931345902383327484130859375,3752.95288905998995687696151435375213623046875,5496.0836684600099033559672534465789794921875
284,2018,8,1999.5755828999999721418134868144989013671875,9.437765089999999190695234574377536773681640625,1053.892560349999939717235974967479705810546875,5842.8725119999899106915108859539031982421875
285,2018,9,2033.218918900000062421895563602447509765625,6.03647837000000020424295144039206206798553466796875,1312.27727163999998083454556763172149658203125,6079.282742660039730253629386425018310546875
286,2018,10,2140.01894055000002481392584741115570068359375,10.4053400000000006997424861765466630458831787109375,2235.5353304800000842078588902950286865234375,2046.919040689989969905582256615161895751953125
287,2018,11,1559.657336689999965528841130435466766357421875,6.1887778600000000750469553167931735515594482421875,613.03250531999901795643381774425506591796875,4477.8841903200000160722993314266204833984375
288,2018,12,1733.66283169000007546856068074703216552734375,10.42378882999999945013769320212304592132568359375,2466.7792788699998709489591419696807861328125,2164.62080646999993405188433825969696044921875
289,2019,1,1196.991668670000080965110100805759429931640625,3.170415220000000200428758034831844270229339599609375,376.87370148999997354621882550418376922607421875,1108.1884633899999244022183120250701904296875
290,2019,2,1477.7758537899999282672069966793060302734375,3.019692839999999822708787178271450102329254150390625,369.96120784999999386855051852762699127197265625,1382.94365934000006745918653905391693115234375
291,2019,3,1490.17035605999990366399288177490234375,3.5728092000000000183490556082688271999359130859375,394.9542993399990109537611715495586395263671875,1047.504176359999974010861478745937347412109375
292,2019,4,1489.4726594300000215298496186733245849609375,7.98712802000000010593794286251068115234375,646.980942780000987113453447818756103515625,3465.81292902000996036804281175136566162109375
293,2019,5,468.8636947300000201721559278666973114013671875,854.1176722500000551008270122110843658447265625,622.20646781999994345824234187602996826171875,3668.5421041899999181623570621013641357421875
294,2019,6,368.46706626999997524762875400483608245849609375,5.271470629999999601977833663113415241241455078125,4456.7864904100197236402891576290130615234375,3199.52088262998995560337789356708526611328125
295,2019,7,1347.722499479999896720983088016510009765625,16.186272089999999224119164864532649517059326171875,885.3913839399989456069306470453739166259765625,943.68197251999799846089445054531097412109375
296,2019,8,2573.1196508100101709715090692043304443359375,2.0862881099999999179317455855198204517364501953125,438.15074516999999332256265915930271148681640625,1954.4966100999999980558641254901885986328125
297,2019,9,2726.429930620010054553858935832977294921875,7.90658347000000016890908227651380002498626708984375,1226.374584529999992810189723968505859375,2341.49291235000009692157618701457977294921875
298,2019,10,2725.7161336899998786975629627704620361328125,8.186045780000000604559318162500858306884765625,819.1320939700000280936365015804767608642578125,5786.04286530996978399343788623809814453125
299,2019,11,1517.722429279999914797372184693813323974609375,6.75458234999999973524609231390058994293212890625,297.853352200000017546699382364749908447265625,3802.545050050010104314424097537994384765625
300,2019,12,929.4862378999999918960384093225002288818359375,1.440906079999999978014102453016676008701324462890625,1503.9473483100000521517358720302581787109375,1810.0157419699999081785790622234344482421875
301,2020,1,1474.169436249999989740899764001369476318359375,4.03874493999999994997551766573451459407806396484375,326.52876605000102472331491298973560333251953125,9660.25827577997915796004235744476318359375
302,2020,2,827.2056465499999831081368029117584228515625,2.288639069999999886562136452994309365749359130859375,557.9372144699999580552685074508190155029296875,769.406315510000013091485016047954559326171875
303,2020,3,979.2873624000000063460902310907840728759765625,13.653626190000000661939338897354900836944580078125,1296.69733674000008250004611909389495849609375,8057.0604382400097165373153984546661376953125
304,2020,4,1171.72330422000004546134732663631439208984375,5.06398797000000033818878364400006830692291259765625,4784.4821796899996115826070308685302734375,7449.62583352000001468695700168609619140625
305,2020,5,882.9851695999999492414644919335842132568359375,7.2306089199999998839984982623718678951263427734375,3150.91502782000998195144347846508026123046875,4859.047823950009842519648373126983642578125
306,2020,6,636.451434719999951994395814836025238037109375,27.290427810000000619083948549814522266387939453125,2738.022749750000002677552402019500732421875,15214.10566748999917763285338878631591796875
307,2020,7,2819.7844987800099261221475899219512939453125,8.8230510599999991683262123842723667621612548828125,5850.9663670600102705066092312335968017578125,6955.0619394099803685094229876995086669921875
308,2020,8,3344.88244558998985667130909860134124755859375,6.8851926399999996419865055941045284271240234375,3701.46533143000988275161944329738616943359375,7500.5343979600102102267555892467498779296875
309,2020,9,3756.26019614000006185960955917835235595703125,12.4081777399999992894663591869175434112548828125,1953.092122239999980592983774840831756591796875,3709.20176777001006485079415142536163330078125
310,2020,10,2801.85420297000018763355910778045654296875,7.11288841999999998932935341144911944866180419921875,1296.430805749999990439391694962978363037109375,1877.165024679999987711198627948760986328125
311,2020,11,1670.291002310000067154760472476482391357421875,514.3966224399999873639899305999279022216796875,1162.656303750000006402842700481414794921875,4636.7165335699901334010064601898193359375
312,2020,12,712.601021919999993770034052431583404541015625,29.44350358999999883735654293559491634368896484375,1779.9693998299999293521977961063385009765625,3600.98674140000002807937562465667724609375
313,2021,1,1404.8542137399999774061143398284912109375,7.33010775999999975027776599745266139507293701171875,715.1847311099990065486053936183452606201171875,2173.8425761600001351325772702693939208984375
314,2021,2,635.158635640000056810094974935054779052734375,8.3328129099999994622294252621941268444061279296875,2541.42406459999983781017363071441650390625,3324.3262552499900266411714255809783935546875
315,2021,3,797.6792556900010140452650375664234161376953125,13.653860370000000301615727948956191539764404296875,740.555646600000955004361458122730255126953125,4613.367589260000386275351047515869140625
316,2021,4,806.648462500000050567905418574810028076171875,11.1061480499999998272642187657766044139862060546875,1213.06461652000007234164513647556304931640625,3594.93283656000994596979580819606781005859375
317,2021,5,598.5396669000000429150531999766826629638671875,11.5837248400000003556442607077769935131072998046875,3682.21718352000016238889656960964202880859375,7862.169917549979800241999328136444091796875
318,2021,6,1522.3191232700000909972004592418670654296875,13.34852264999999960082277539186179637908935546875,3272.86971356999993076897226274013519287109375,4683.26623663999998825602233409881591796875
319,2021,7,3887.65236298998979691532440483570098876953125,36.9430310700000035240009310655295848846435546875,2855.42365431000007447437383234500885009765625,6208.1712058399998568347655236721038818359375
320,2021,8,5114.7572417199799019726924598217010498046875,13.271951380000000852987795951776206493377685546875,6533.965016760010257712565362453460693359375,8630.932070300010309438221156597137451171875
321,2021,9,3165.91105010999990554410032927989959716796875,10.6209841499999999570036379736848175525665283203125,7597.5735161599995990400202572345733642578125,5464.1095833900099023594520986080169677734375
322,2021,10,935.1424915799990458253887481987476348876953125,15.4089971099999996084761733072809875011444091796875,3657.50091431999999258550815284252166748046875,5266.4468726699897160870023071765899658203125
323,2021,11,1148.133157210000035775010474026203155517578125,12.8995335999999998222165231709368526935577392578125,654.966038020000951291876845061779022216796875,4534.475595199999588658101856708526611328125
324,2021,12,846.4960979999999608480720780789852142333984375,13.3292350200000004889488991466350853443145751953125,1042.380923859999938940745778381824493408203125,9562.53731286999027361162006855010986328125
325,2022,1,816.51698214999896663357503712177276611328125,21.232556869999999804576873430050909519195556640625,1493.836803039999949760385788977146148681640625,1308.526983089999930598423816263675689697265625
326,2022,2,340.18840878999998267318005673587322235107421875,34.5170847600000030297451303340494632720947265625,856.2432978200009756619692780077457427978515625,4732.160113050000290968455374240875244140625
327,2022,3,1016.1596022899999525179737247526645660400390625,36.04230883000000318361344397999346256256103515625,1030.9304789600000731297768652439117431640625,2636.73709409000002779066562652587890625
328,2022,4,495.27397173999997903592884540557861328125,19.027872110000000560603439225815236568450927734375,670.1681499600000506688957102596759796142578125,2667.59539841001014792709611356258392333984375
329,2022,5,495.0728535800000145172816701233386993408203125,18.78467291999999844165358808822929859161376953125,3769.00893675999986953684128820896148681640625,5166.307676880000144592486321926116943359375
330,2022,6,2147.7367558400101188453845679759979248046875,13.1807241299999997607983459602110087871551513671875,1077.529006170000002384767867624759674072265625,19665.3732257498995750211179256439208984375
331,2022,7,8008.657160679989829077385365962982177734375,20.539532210000000844729584059678018093109130859375,2128.0802496400001473375596106052398681640625,4734.5454329300000608782283961772918701171875
332,2022,8,8985.68087298996033496223390102386474609375,21.56160071000000044705302570946514606475830078125,2685.93847031999985119909979403018951416015625,10079.867327149999255198054015636444091796875
333,2022,9,2337.53122604999998657149262726306915283203125,10.116265240000000602549334871582686901092529296875,3188.27800677999994150013662874698638916015625,9835.18316642003992456011474132537841796875
334,2022,10,1436.77582948000008400413207709789276123046875,40.5520503700000034541517379693686962127685546875,3375.1154541599998992751352488994598388671875,10893.380408700000771204940974712371826171875
335,2022,11,868.001490169998987767030484974384307861328125,18.03818159000000065361746237613260746002197265625,4996.2361023900002692244015634059906005859375,9323.65450244000021484680473804473876953125
336,2022,12,2029.026861439999947833712212741374969482421875,61.59331132999999880439645494334399700164794921875,3089.81037366999998994288034737110137939453125,5633.254482649979763664305210113525390625
337,2023,1,801.37356185999897206784226000308990478515625,8.700573309999999338515408453531563282012939453125,1604.25213613999994777259416878223419189453125,6360.5022994199998720432631671428680419921875
338,2023,2,3001.74643144998981370008550584316253662109375,6.05328329000000042725559978862293064594268798828125,6659.676480230000379378907382488250732421875,4648.5796865000002071610651910305023193359375
339,2023,3,3218.3850721799999519134871661663055419921875,27.885251669999998824778231210075318813323974609375,2284.87947415999997247126884758472442626953125,7756.8360593600000356673263013362884521484375
340,2023,4,1117.724626760000091962865553796291351318359375,3.81739155999999990598325894097797572612762451171875,2735.29700825000008990173228085041046142578125,8772.832516130010844790376722812652587890625
341,2023,5,1427.371478530000104001373983919620513916015625,43.2734538899999989780553732998669147491455078125,5008.900596030000087921507656574249267578125,30435.82033654000042588450014591217041015625
342,2023,6,4602.7750975800199739751406013965606689453125,20.46628554000000121959601528942584991455078125,4293.6030331100000694277696311473846435546875,29853.87893427000017254613339900970458984375
343,2023,7,8552.57275842001035925932228565216064453125,10.62937969000000038022335502319037914276123046875,6244.2215483600002698949538171291351318359375,13267.428718260000096051953732967376708984375
344,2023,8,7541.0026408399799038306809961795806884765625,40.99507804000000277255821856670081615447998046875,4603.62301318000027094967663288116455078125,16710.7371300099985091947019100189208984375
345,2023,9,5579.34319906999007798731327056884765625,13.42554585999999972045770846307277679443359375,3193.68020028999990245210938155651092529296875,9278.33698162001019227318465709686279296875
346,2023,10,3926.00710636999019698123447597026824951171875,42.0314223900000030198498279787600040435791015625,4836.04707022000002325512468814849853515625,7788.4608354199999666889198124408721923828125
347,2023,11,2105.1376019799999994575046002864837646484375,30.591564389999998496705302386544644832611083984375,2035.62495893999994223122484982013702392578125,16650.34348331000001053325831890106201171875
348,2023,12,2197.7546998799998618778772652149200439453125,9400.392046470000423141755163669586181640625,6931.079377959989869850687682628631591796875,15086.581510609999895677901804447174072265625
349,2024,1,6103.69075369998972746543586254119873046875,115.79022383000000218089553527534008026123046875,8387.22894106999956420622766017913818359375,9048.41297670998028479516506195068359375
350,2024,2,1898.936308099999905607546679675579071044921875,516.5016262000000324405846185982227325439453125,7760.2059498900098333251662552356719970703125,8044.7328520199998820316977798938751220703125
351,2024,3,2905.73753033999992112512700259685516357421875,14.806192519999999746005414635874330997467041015625,7128.5116380099998423247598111629486083984375,9121.7688620699991588480770587921142578125
